{
  "cell_size": 0.25,
  "bounds": {
    "minx": -2281.81591796875,
    "miny": -2249.53955078125,
    "maxx": 2188.192138671875,
    "maxy": 2254.3662109375
  },
  "grid_shape": [
    18017,
    17882
  ],
  "codes": {
    "FREE": 0,
    "WALL": 1
  },
  "notes": "Grid derived from 3DFACE edges (2D projection)."
}